{
    "count":98018.0,
    "mean":94.2316393206,
    "std":137.0364798656,
    "min":0.0146708188,
    "25%":1.2160755355,
    "50%":44.2421456831,
    "75%":135.3570693631,
    "max":918.1865862934
}