{
    "error": null,
    "data": {
        "rows": [
            {
                "count": 199964.0,
                "mean": 195.4069698681896,
                "std": 1901.6538690440764,
                "min": 0.0,
                "25%": 0.6767125427722931,
                "50%": 30.071791648864746,
                "75%": 158.26434707641602,
                "max": 249719.1875
            }
        ]
    },
    "status": "ok"
}