{
    "error": null,
    "data": {
        "rows": [
            {
                "count": 199964.0,
                "mean": 198.6919411825931,
                "std": 1654.2925270167186,
                "min": 0.0,
                "25%": 1.1088070571422577,
                "50%": 41.272247314453125,
                "75%": 167.9013557434082,
                "max": 152657.25
            }
        ]
    },
    "status": "ok"
}