{
    "error": null,
    "data": {
        "rows": [
            {
                "count": 199964.0,
                "mean": 202.6200243933974,
                "std": 1587.3536334835194,
                "min": 0.0,
                "25%": 1.522041231393814,
                "50%": 45.25412043843133,
                "75%": 170.4085859310278,
                "max": 162857.70265416388
            }
        ]
    },
    "status": "ok"
}