{
    "count":147007.0,
    "mean":93.5492080972,
    "std":135.9455460125,
    "min":0.0135610216,
    "25%":1.1663414901,
    "50%":43.8765452831,
    "75%":134.7506203959,
    "max":908.2784192376
}