{
    "count":49029.0,
    "mean":95.5418402904,
    "std":138.6765397268,
    "min":0.0153736818,
    "25%":1.3357056972,
    "50%":44.8346481807,
    "75%":137.0665026444,
    "max":938.8949511162
}