{
    "error": null,
    "data": {
        "rows": [
            {
                "count": 199964.0,
                "mean": 202.50095015212452,
                "std": 1776.892783943757,
                "min": 0.0,
                "25%": 1.6730394364143846,
                "50%": 45.71384641912189,
                "75%": 168.6145874961117,
                "max": 218919.19917756112
            }
        ]
    },
    "status": "ok"
}