{
    "error": null,
    "data": {
        "rows": [
            {
                "count": 199899.0,
                "mean": 107.93606307351135,
                "std": 219.47412162102165,
                "min": 0.0,
                "25%": 1.1956776699328957,
                "50%": 42.4936028422984,
                "75%": 137.38448922256512,
                "max": 8233.978030063483
            }
        ]
    },
    "status": "ok"
}