{
    "error": null,
    "data": {
        "rows": [
            {
                "count": 199964.0,
                "mean": 190.78825599365382,
                "std": 2085.3014706183026,
                "min": 0.0,
                "25%": 0.5787758827209473,
                "50%": 27.354456901550293,
                "75%": 155.09845352172852,
                "max": 314830.1875
            }
        ]
    },
    "status": "ok"
}