{
    "error": null,
    "data": {
        "rows": [
            {
                "count": 199964.0,
                "mean": 200.1838767438315,
                "std": 1972.713484629273,
                "min": 0.0,
                "25%": 0.8488767743110657,
                "50%": 36.11992073059082,
                "75%": 162.26234817504883,
                "max": 251419.078125
            }
        ]
    },
    "status": "ok"
}