{
    "count":150923.0,
    "mean":105.9228986172,
    "std":199.7939359775,
    "min":0.0,
    "25%":1.1183453677,
    "50%":43.8874014954,
    "75%":137.5485329179,
    "max":5276.5724317018
}