{
    "error": null,
    "data": {
        "rows": [
            {
                "count": 199964.0,
                "mean": 183.86632840805922,
                "std": 1665.3422907135082,
                "min": 0.0,
                "25%": 0.5858490169048309,
                "50%": 27.421634674072266,
                "75%": 155.52350997924805,
                "max": 178365.3125
            }
        ]
    },
    "status": "ok"
}