{
    "error": null,
    "data": {
        "rows": [
            {
                "count": 199950.0,
                "mean": 153.96249004065027,
                "std": 1120.1486136972026,
                "min": 5.964388857859081e-06,
                "25%": 1.8461531064736076,
                "50%": 42.97006659333342,
                "75%": 152.81919843263947,
                "max": 143320.90814976124
            }
        ]
    },
    "status": "ok"
}