{
    "error": null,
    "data": {
        "rows": [
            {
                "count": 199964.0,
                "mean": 179.76759681383587,
                "std": 1350.5720172527665,
                "min": 0.0,
                "25%": 0.6003009527921677,
                "50%": 27.573650360107422,
                "75%": 156.17922592163086,
                "max": 149979.421875
            }
        ]
    },
    "status": "ok"
}