{
    "error": null,
    "data": {
        "rows": [
            {
                "count": 199950.0,
                "mean": 129.23887705871692,
                "std": 756.7032788542158,
                "min": 0.0,
                "25%": 1.669698241798531,
                "50%": 39.67504457743163,
                "75%": 142.34339304564324,
                "max": 85155.19554279641
            }
        ]
    },
    "status": "ok"
}