{
    "error": null,
    "data": {
        "rows": [
            {
                "count": 199964.0,
                "mean": 189.98165535522023,
                "std": 1519.9232277703013,
                "min": 0.0,
                "25%": 0.6559212952852249,
                "50%": 29.14986801147461,
                "75%": 157.9350357055664,
                "max": 160848.609375
            }
        ]
    },
    "status": "ok"
}