{
    "error": null,
    "data": {
        "rows": [
            {
                "count": 199964.0,
                "mean": 159.0320682949848,
                "std": 888.6580724712901,
                "min": 0.0,
                "25%": 1.868195595293216,
                "50%": 43.97714493037024,
                "75%": 157.13304940937908,
                "max": 105569.30897095845
            }
        ]
    },
    "status": "ok"
}