{
    "error": null,
    "data": {
        "rows": [
            {
                "count": 199950.0,
                "mean": 139.69844772294945,
                "std": 916.7605669201266,
                "min": 2.287281376904362e-06,
                "25%": 1.7801905301732899,
                "50%": 41.10026375458081,
                "75%": 147.08913725406194,
                "max": 104170.10092937863
            }
        ]
    },
    "status": "ok"
}