{
    "error": null,
    "data": {
        "rows": [
            {
                "count": 199950.0,
                "mean": 146.77126286907892,
                "std": 1060.725129854487,
                "min": 3.6001510048332657e-06,
                "25%": 1.8091667562257085,
                "50%": 41.95420890511347,
                "75%": 149.69006764778078,
                "max": 115013.81660563532
            }
        ]
    },
    "status": "ok"
}