{
    "error": null,
    "data": {
        "rows": [
            {
                "count": 199964.0,
                "mean": 190.95022712077701,
                "std": 1833.2635814078278,
                "min": 0.0,
                "25%": 1.8698986710804273,
                "50%": 45.43633438422533,
                "75%": 162.1473717759746,
                "max": 217040.21169570487
            }
        ]
    },
    "status": "ok"
}