{
    "count":98018.0,
    "mean":94.2411596912,
    "std":137.0316343687,
    "min":0.0146631845,
    "25%":1.2165086393,
    "50%":44.2483766028,
    "75%":135.3603698573,
    "max":918.1865862934
}