{
    "count":147007.0,
    "mean":93.5559927211,
    "std":135.9516638707,
    "min":0.0135610216,
    "25%":1.1668269873,
    "50%":43.8833262529,
    "75%":134.7563190297,
    "max":908.5460194294
}