{
    "error": null,
    "data": {
        "rows": [
            {
                "count": 199964.0,
                "mean": 206.27451063127685,
                "std": 1897.0028748348755,
                "min": 0.0,
                "25%": 1.3792052865028381,
                "50%": 44.21633529663086,
                "75%": 171.09978485107422,
                "max": 247590.96875
            }
        ]
    },
    "status": "ok"
}