{
    "error": null,
    "data": {
        "rows": [
            {
                "count": 199964.0,
                "mean": 195.50946001946065,
                "std": 1701.5477146091594,
                "min": 0.0,
                "25%": 0.9977066665887833,
                "50%": 39.50139808654785,
                "75%": 165.5616912841797,
                "max": 204182.125
            }
        ]
    },
    "status": "ok"
}