{
    "error": null,
    "data": {
        "rows": [
            {
                "count": 199950.0,
                "mean": 151.37094042385564,
                "std": 1114.8101942920653,
                "min": 8.0575052661683e-06,
                "25%": 1.8284514285784907,
                "50%": 42.474287395810684,
                "75%": 151.473890462974,
                "max": 140017.06842138933
            }
        ]
    },
    "status": "ok"
}