{
    "error": null,
    "data": {
        "rows": [
            {
                "count": 199950.0,
                "mean": 120.80629239290538,
                "std": 551.8282134828041,
                "min": 0.0,
                "25%": 1.549497615035763,
                "50%": 38.30074873291366,
                "75%": 139.34170013990735,
                "max": 68240.01590561181
            }
        ]
    },
    "status": "ok"
}