{
    "error": null,
    "data": {
        "rows": [
            {
                "count": 199964.0,
                "mean": 175.8281888509098,
                "std": 1231.8113449320997,
                "min": 0.0,
                "25%": 1.868774629126102,
                "50%": 45.05873324389853,
                "75%": 160.71350255278904,
                "max": 143649.287437126
            }
        ]
    },
    "status": "ok"
}