{
    "error": null,
    "data": {
        "rows": [
            {
                "count": 199964.0,
                "mean": 168.3068038823333,
                "std": 978.8583500101213,
                "min": 0.0,
                "25%": 1.8802540510351418,
                "50%": 44.93291107120727,
                "75%": 160.26708094609523,
                "max": 97324.40116326348
            }
        ]
    },
    "status": "ok"
}