{
    "error": null,
    "data": {
        "rows": [
            {
                "count": 199951.0,
                "mean": 117.37618599038079,
                "std": 480.19728878389134,
                "min": 0.0,
                "25%": 1.4587396235566827,
                "50%": 39.96486935117672,
                "75%": 138.9438230137084,
                "max": 61845.882462615
            }
        ]
    },
    "status": "ok"
}