{
    "error": null,
    "data": {
        "rows": [
            {
                "count": 199964.0,
                "mean": 195.8997389732295,
                "std": 1627.2140416291284,
                "min": 0.0,
                "25%": 0.9160958826541901,
                "50%": 38.2062873840332,
                "75%": 164.19977951049805,
                "max": 151017.265625
            }
        ]
    },
    "status": "ok"
}