{
    "error": null,
    "data": {
        "rows": [
            {
                "count": 199950.0,
                "mean": 133.19538774296637,
                "std": 729.9241774747334,
                "min": 2.287281376904362e-06,
                "25%": 1.7270803062194515,
                "50%": 40.328560623417715,
                "75%": 144.86760536064003,
                "max": 81673.65158554114
            }
        ]
    },
    "status": "ok"
}