{
    "error": null,
    "data": {
        "rows": [
            {
                "count": 199964.0,
                "mean": 200.92248398176773,
                "std": 1590.594366589094,
                "min": 0.0,
                "25%": 1.2164233922958374,
                "50%": 43.061180114746094,
                "75%": 170.64691162109375,
                "max": 143991.828125
            }
        ]
    },
    "status": "ok"
}