{
    "error": null,
    "data": {
        "rows": [
            {
                "count": 199964.0,
                "mean": 196.3217616217649,
                "std": 2001.992888007004,
                "min": 0.0,
                "25%": 0.698572188615799,
                "50%": 30.678325653076172,
                "75%": 158.55505752563477,
                "max": 271039.46875
            }
        ]
    },
    "status": "ok"
}