{
    "error": null,
    "data": {
        "rows": [
            {
                "count": 199950.0,
                "mean": 156.04159990494594,
                "std": 968.7575465743724,
                "min": 5.5988851469270166e-06,
                "25%": 1.851632907561286,
                "50%": 43.39807011425459,
                "75%": 155.03602561278916,
                "max": 117506.76202663436
            }
        ]
    },
    "status": "ok"
}