{
    "error": null,
    "data": {
        "rows": [
            {
                "count": 199964.0,
                "mean": 195.76946987870357,
                "std": 1915.592946861471,
                "min": 0.0,
                "25%": 1.8239619789255797,
                "50%": 45.54899056418631,
                "75%": 163.31955348945124,
                "max": 222045.51784906295
            }
        ]
    },
    "status": "ok"
}