{
    "error": null,
    "data": {
        "rows": [
            {
                "count": 199950.0,
                "mean": 123.67615846053653,
                "std": 607.5435122413777,
                "min": 0.0,
                "25%": 1.5989695717388392,
                "50%": 38.79481846649069,
                "75%": 140.5801794628547,
                "max": 70877.9787763129
            }
        ]
    },
    "status": "ok"
}