{
    "error": null,
    "data": {
        "rows": [
            {
                "count": 199964.0,
                "mean": 198.65454832239305,
                "std": 2234.7567948662295,
                "min": 0.0,
                "25%": 0.7453552335500717,
                "50%": 31.761576652526855,
                "75%": 159.456787109375,
                "max": 356239.15625
            }
        ]
    },
    "status": "ok"
}