{
    "error": null,
    "data": {
        "rows": [
            {
                "count": 199964.0,
                "mean": 205.82705367312855,
                "std": 2201.0985683855915,
                "min": 0.0,
                "25%": 1.807882113499751,
                "50%": 45.71957449314431,
                "75%": 165.51994126304686,
                "max": 280700.06675680686
            }
        ]
    },
    "status": "ok"
}