{
    "error": null,
    "data": {
        "rows": [
            {
                "count": 199964.0,
                "mean": 163.8721214978008,
                "std": 886.6605861347697,
                "min": 0.0,
                "25%": 1.8882981481809529,
                "50%": 44.557586378306326,
                "75%": 159.4228187902973,
                "max": 87759.02625061924
            }
        ]
    },
    "status": "ok"
}