{
    "error": null,
    "data": {
        "rows": [
            {
                "count": 199964.0,
                "mean": 181.16747091184303,
                "std": 1285.2344630325686,
                "min": 0.0,
                "25%": 0.615014985203743,
                "50%": 28.373967170715332,
                "75%": 157.29472732543945,
                "max": 128383.7109375
            }
        ]
    },
    "status": "ok"
}