{
    "error": null,
    "data": {
        "rows": [
            {
                "count": 199964.0,
                "mean": 196.07812897816714,
                "std": 2036.3863605477352,
                "min": 0.0,
                "25%": 0.7141769230365753,
                "50%": 30.916032791137695,
                "75%": 159.55904006958008,
                "max": 334966.53125
            }
        ]
    },
    "status": "ok"
}