{
    "error": null,
    "data": {
        "rows": [
            {
                "count": 199964.0,
                "mean": 203.89859250866223,
                "std": 2135.6641814180693,
                "min": 0.0,
                "25%": 0.8108163475990295,
                "50%": 34.5701961517334,
                "75%": 162.24587631225586,
                "max": 307141.03125
            }
        ]
    },
    "status": "ok"
}