{
    "error": null,
    "data": {
        "rows": [
            {
                "count": 150923.0,
                "mean": 105.84042270604407,
                "std": 199.04578012632876,
                "min": 0.0,
                "25%": 1.1196003482647598,
                "50%": 43.92086990840203,
                "75%": 137.55670661075243,
                "max": 5276.572431701802
            }
        ]
    },
    "status": "ok"
}