{
    "count":147195.0,
    "mean":93.5811267767,
    "std":135.9944038796,
    "min":0.0135491138,
    "25%":1.1671610596,
    "50%":43.8779453443,
    "75%":134.7854539844,
    "max":908.9499777038
}