{
    "error": null,
    "data": {
        "rows": [
            {
                "count": 199964.0,
                "mean": 186.38385053912236,
                "std": 1441.4379504233657,
                "min": 0.0,
                "25%": 0.6367962956428528,
                "50%": 28.803233146667477,
                "75%": 157.53722381591797,
                "max": 147105.15625
            }
        ]
    },
    "status": "ok"
}