{
    "Marks":{
        "0":18.7929652305,
        "1":37.5705567791,
        "2":56.3481483278,
        "3":75.1257398765,
        "4":93.9033314252,
        "5":112.6809229739,
        "6":131.4585145226,
        "7":150.2361060713,
        "8":169.01369762,
        "9":187.7912891687,
        "10":206.5688807173,
        "11":225.346472266,
        "12":244.1240638147,
        "13":262.9016553634,
        "14":281.6792469121,
        "15":300.4568384608,
        "16":319.2344300095,
        "17":338.0120215582,
        "18":356.7896131069,
        "19":375.5672046556,
        "20":394.3447962042,
        "21":413.1223877529,
        "22":431.8999793016,
        "23":450.6775708503,
        "24":469.455162399,
        "25":488.2327539477,
        "26":507.0103454964,
        "27":525.7879370451,
        "28":544.5655285938,
        "29":563.3431201424,
        "30":582.1207116911,
        "31":600.8983032398,
        "32":619.6758947885,
        "33":638.4534863372,
        "34":657.2310778859,
        "35":676.0086694346,
        "36":694.7862609833,
        "37":713.563852532,
        "38":732.3414440806,
        "39":751.1190356293,
        "40":769.896627178,
        "41":788.6742187267,
        "42":807.4518102754,
        "43":826.2294018241,
        "44":845.0069933728,
        "45":863.7845849215,
        "46":882.5621764702,
        "47":901.3397680189,
        "48":920.1173595675,
        "49":938.8949511162
    },
    "Frequency":{
        "0":22371,
        "1":1022,
        "2":3051,
        "3":3018,
        "4":2551,
        "5":2245,
        "6":1999,
        "7":1684,
        "8":1485,
        "9":1232,
        "10":1061,
        "11":923,
        "12":716,
        "13":685,
        "14":568,
        "15":492,
        "16":446,
        "17":367,
        "18":328,
        "19":328,
        "20":259,
        "21":214,
        "22":219,
        "23":184,
        "24":153,
        "25":128,
        "26":133,
        "27":122,
        "28":89,
        "29":83,
        "30":107,
        "31":70,
        "32":68,
        "33":60,
        "34":60,
        "35":46,
        "36":40,
        "37":46,
        "38":43,
        "39":30,
        "40":39,
        "41":36,
        "42":50,
        "43":40,
        "44":31,
        "45":24,
        "46":22,
        "47":23,
        "48":23,
        "49":15
    },
    "Freq. Portion":{
        "0":45.6280976565,
        "1":2.0844806135,
        "2":6.2228477024,
        "3":6.1555405984,
        "4":5.2030430969,
        "5":4.5789226784,
        "6":4.0771788125,
        "7":3.4347019111,
        "8":3.0288196781,
        "9":2.5127985478,
        "10":2.1640253727,
        "11":1.8825593016,
        "12":1.460360195,
        "13":1.3971323094,
        "14":1.1584980318,
        "15":1.0034877318,
        "16":0.9096657081,
        "17":0.7485365804,
        "18":0.6689918212,
        "19":0.6689918212,
        "20":0.5282587856,
        "21":0.4364763711,
        "22":0.4466744172,
        "23":0.3752880948,
        "24":0.3120602093,
        "25":0.261069979,
        "26":0.271268025,
        "27":0.2488323237,
        "28":0.1815252198,
        "29":0.1692875645,
        "30":0.2182381856,
        "31":0.1427726448,
        "32":0.1386934263,
        "33":0.1223765527,
        "34":0.1223765527,
        "35":0.0938220237,
        "36":0.0815843684,
        "37":0.0938220237,
        "38":0.0877031961,
        "39":0.0611882763,
        "40":0.0795447592,
        "41":0.0734259316,
        "42":0.1019804605,
        "43":0.0815843684,
        "44":0.0632278855,
        "45":0.0489506211,
        "46":0.0448714026,
        "47":0.0469110119,
        "48":0.0469110119,
        "49":0.0305941382
    }
}