{
    "Marks":{
        "0":18.3781016467,
        "1":36.7415401089,
        "2":55.104978571,
        "3":73.4684170332,
        "4":91.8318554954,
        "5":110.1952939576,
        "6":128.5587324197,
        "7":146.9221708819,
        "8":165.2856093441,
        "9":183.6490478063,
        "10":202.0124862685,
        "11":220.3759247306,
        "12":238.7393631928,
        "13":257.102801655,
        "14":275.4662401172,
        "15":293.8296785793,
        "16":312.1931170415,
        "17":330.5565555037,
        "18":348.9199939659,
        "19":367.2834324281,
        "20":385.6468708902,
        "21":404.0103093524,
        "22":422.3737478146,
        "23":440.7371862768,
        "24":459.1006247389,
        "25":477.4640632011,
        "26":495.8275016633,
        "27":514.1909401255,
        "28":532.5543785876,
        "29":550.9178170498,
        "30":569.281255512,
        "31":587.6446939742,
        "32":606.0081324364,
        "33":624.3715708985,
        "34":642.7350093607,
        "35":661.0984478229,
        "36":679.4618862851,
        "37":697.8253247472,
        "38":716.1887632094,
        "39":734.5522016716,
        "40":752.9156401338,
        "41":771.279078596,
        "42":789.6425170581,
        "43":808.0059555203,
        "44":826.3693939825,
        "45":844.7328324447,
        "46":863.0962709068,
        "47":881.459709369,
        "48":899.8231478312,
        "49":918.1865862934
    },
    "Frequency":{
        "0":45053,
        "1":1710,
        "2":5969,
        "3":5981,
        "4":5106,
        "5":4410,
        "6":3984,
        "7":3329,
        "8":2962,
        "9":2502,
        "10":2163,
        "11":1915,
        "12":1504,
        "13":1356,
        "14":1157,
        "15":952,
        "16":905,
        "17":723,
        "18":631,
        "19":606,
        "20":573,
        "21":432,
        "22":389,
        "23":370,
        "24":334,
        "25":277,
        "26":276,
        "27":237,
        "28":238,
        "29":201,
        "30":169,
        "31":180,
        "32":140,
        "33":124,
        "34":124,
        "35":94,
        "36":93,
        "37":80,
        "38":95,
        "39":83,
        "40":75,
        "41":68,
        "42":64,
        "43":77,
        "44":63,
        "45":62,
        "46":47,
        "47":39,
        "48":45,
        "49":51
    },
    "Freq. Portion":{
        "0":45.964006611,
        "1":1.7445775266,
        "2":6.0896978106,
        "3":6.1019404599,
        "4":5.2092472811,
        "5":4.4991736212,
        "6":4.0645595707,
        "7":3.3963149626,
        "8":3.0218939378,
        "9":2.552592381,
        "10":2.206737538,
        "11":1.9537227856,
        "12":1.5344120468,
        "13":1.383419372,
        "14":1.1803954376,
        "15":0.9712501785,
        "16":0.9232998021,
        "17":0.7376196209,
        "18":0.6437593095,
        "19":0.6182537901,
        "20":0.5845865045,
        "21":0.4407353751,
        "22":0.3968658818,
        "23":0.377481687,
        "24":0.3407537391,
        "25":0.2826011549,
        "26":0.2815809341,
        "27":0.2417923239,
        "28":0.2428125446,
        "29":0.2050643759,
        "30":0.1724173111,
        "31":0.1836397396,
        "32":0.1428309086,
        "33":0.1265073762,
        "34":0.1265073762,
        "35":0.0959007529,
        "36":0.0948805321,
        "37":0.0816176621,
        "38":0.0969209737,
        "39":0.0846783244,
        "40":0.0765165582,
        "41":0.0693750128,
        "42":0.0652941296,
        "43":0.0785569997,
        "44":0.0642739089,
        "45":0.0632536881,
        "46":0.0479503765,
        "47":0.0397886103,
        "48":0.0459099349,
        "49":0.0520312596
    }
}