{
    "Marks":{
        "0":105.531448634,
        "1":211.0628972681,
        "2":316.5943459021,
        "3":422.1257945361,
        "4":527.6572431702,
        "5":633.1886918042,
        "6":738.7201404383,
        "7":844.2515890723,
        "8":949.7830377063,
        "9":1055.3144863404,
        "10":1160.8459349744,
        "11":1266.3773836084,
        "12":1371.9088322425,
        "13":1477.4402808765,
        "14":1582.9717295105,
        "15":1688.5031781446,
        "16":1794.0346267786,
        "17":1899.5660754126,
        "18":2005.0975240467,
        "19":2110.6289726807,
        "20":2216.1604213148,
        "21":2321.6918699488,
        "22":2427.2233185828,
        "23":2532.7547672169,
        "24":2638.2862158509,
        "25":2743.8176644849,
        "26":2849.349113119,
        "27":2954.880561753,
        "28":3060.412010387,
        "29":3165.9434590211,
        "30":3271.4749076551,
        "31":3377.0063562892,
        "32":3482.5378049232,
        "33":3588.0692535572,
        "34":3693.6007021913,
        "35":3799.1321508253,
        "36":3904.6635994593,
        "37":4010.1950480934,
        "38":4115.7264967274,
        "39":4221.2579453614,
        "40":4326.7893939955,
        "41":4432.3208426295,
        "42":4537.8522912635,
        "43":4643.3837398976,
        "44":4748.9151885316,
        "45":4854.4466371657,
        "46":4959.9780857997,
        "47":5065.5095344337,
        "48":5171.0409830678,
        "49":5276.5724317018
    },
    "Frequency":{
        "0":103007,
        "1":25718,
        "2":10413,
        "3":4803,
        "4":2497,
        "5":1394,
        "6":817,
        "7":557,
        "8":376,
        "9":251,
        "10":231,
        "11":161,
        "12":126,
        "13":105,
        "14":76,
        "15":72,
        "16":58,
        "17":43,
        "18":24,
        "19":23,
        "20":20,
        "21":27,
        "22":16,
        "23":9,
        "24":14,
        "25":9,
        "26":15,
        "27":6,
        "28":4,
        "29":7,
        "30":8,
        "31":1,
        "32":3,
        "33":4,
        "34":4,
        "35":3,
        "36":2,
        "37":4,
        "38":2,
        "39":2,
        "40":2,
        "41":1,
        "42":2,
        "43":1,
        "44":1,
        "45":0,
        "46":1,
        "47":0,
        "48":2,
        "49":1
    },
    "Freq. Portion":{
        "0":68.251359965,
        "1":17.0404775945,
        "2":6.899544801,
        "3":3.1824175242,
        "4":1.6544860624,
        "5":0.9236498082,
        "6":0.541335648,
        "7":0.3690623696,
        "8":0.2491336642,
        "9":0.1663099726,
        "10":0.153058182,
        "11":0.1066769147,
        "12":0.0834862811,
        "13":0.0695719009,
        "14":0.0503568045,
        "15":0.0477064463,
        "16":0.0384301929,
        "17":0.0284913499,
        "18":0.0159021488,
        "19":0.0152395592,
        "20":0.0132517906,
        "21":0.0178899174,
        "22":0.0106014325,
        "23":0.0059633058,
        "24":0.0092762535,
        "25":0.0059633058,
        "26":0.009938843,
        "27":0.0039755372,
        "28":0.0026503581,
        "29":0.0046381267,
        "30":0.0053007163,
        "31":0.0006625895,
        "32":0.0019877686,
        "33":0.0026503581,
        "34":0.0026503581,
        "35":0.0019877686,
        "36":0.0013251791,
        "37":0.0026503581,
        "38":0.0013251791,
        "39":0.0013251791,
        "40":0.0013251791,
        "41":0.0006625895,
        "42":0.0013251791,
        "43":0.0006625895,
        "44":0.0006625895,
        "45":0.0,
        "46":0.0006625895,
        "47":0.0,
        "48":0.0013251791,
        "49":0.0006625895
    }
}