{
    "Marks":{
        "0":18.1842101898,
        "1":36.3548593579,
        "2":54.5255085261,
        "3":72.6961576942,
        "4":90.8668068624,
        "5":109.0374560305,
        "6":127.2081051987,
        "7":145.3787543669,
        "8":163.549403535,
        "9":181.7200527032,
        "10":199.8907018713,
        "11":218.0613510395,
        "12":236.2320002076,
        "13":254.4026493758,
        "14":272.5732985439,
        "15":290.7439477121,
        "16":308.9145968803,
        "17":327.0852460484,
        "18":345.2558952166,
        "19":363.4265443847,
        "20":381.5971935529,
        "21":399.767842721,
        "22":417.9384918892,
        "23":436.1091410573,
        "24":454.2797902255,
        "25":472.4504393937,
        "26":490.6210885618,
        "27":508.79173773,
        "28":526.9623868981,
        "29":545.1330360663,
        "30":563.3036852344,
        "31":581.4743344026,
        "32":599.6449835707,
        "33":617.8156327389,
        "34":635.9862819071,
        "35":654.1569310752,
        "36":672.3275802434,
        "37":690.4982294115,
        "38":708.6688785797,
        "39":726.8395277478,
        "40":745.010176916,
        "41":763.1808260841,
        "42":781.3514752523,
        "43":799.5221244205,
        "44":817.6927735886,
        "45":835.8634227568,
        "46":854.0340719249,
        "47":872.2047210931,
        "48":890.3753702612,
        "49":908.5460194294
    },
    "Frequency":{
        "0":67706,
        "1":2419,
        "2":8926,
        "3":8832,
        "4":7667,
        "5":6536,
        "6":6005,
        "7":4983,
        "8":4479,
        "9":3847,
        "10":3214,
        "11":2849,
        "12":2323,
        "13":2013,
        "14":1726,
        "15":1430,
        "16":1338,
        "17":1083,
        "18":993,
        "19":899,
        "20":841,
        "21":705,
        "22":601,
        "23":552,
        "24":494,
        "25":422,
        "26":405,
        "27":358,
        "28":357,
        "29":304,
        "30":254,
        "31":260,
        "32":225,
        "33":201,
        "34":191,
        "35":168,
        "36":137,
        "37":126,
        "38":133,
        "39":135,
        "40":119,
        "41":102,
        "42":94,
        "43":102,
        "44":89,
        "45":95,
        "46":70,
        "47":65,
        "48":61,
        "49":73
    },
    "Freq. Portion":{
        "0":46.0563102437,
        "1":1.6454998742,
        "2":6.0718197093,
        "3":6.0078771759,
        "4":5.2153979062,
        "5":4.4460467869,
        "6":4.0848394974,
        "7":3.3896345072,
        "8":3.0467936901,
        "9":2.6168821893,
        "10":2.1862904488,
        "11":1.9380029522,
        "12":1.5801968614,
        "13":1.3693225493,
        "14":1.1740937506,
        "15":0.9727427946,
        "16":0.9101607406,
        "17":0.7366996129,
        "18":0.6754780385,
        "19":0.6115355051,
        "20":0.5720816016,
        "21":0.4795690001,
        "22":0.4088240696,
        "23":0.3754923235,
        "24":0.3360384199,
        "25":0.2870611604,
        "26":0.2754970852,
        "27":0.2435258185,
        "28":0.2428455788,
        "29":0.2067928738,
        "30":0.172780888,
        "31":0.1768623263,
        "32":0.1530539362,
        "33":0.136728183,
        "34":0.1299257858,
        "35":0.1142802724,
        "36":0.0931928412,
        "37":0.0857102043,
        "38":0.0904718823,
        "39":0.0918323617,
        "40":0.0809485263,
        "41":0.0693844511,
        "42":0.0639425333,
        "43":0.0693844511,
        "44":0.0605413348,
        "45":0.0646227731,
        "46":0.0476167802,
        "47":0.0442155816,
        "48":0.0414946227,
        "49":0.0496574993
    }
}