{
    "Marks":{
        "0":18.1922776856,
        "1":36.3710062574,
        "2":54.5497348292,
        "3":72.728463401,
        "4":90.9071919728,
        "5":109.0859205446,
        "6":127.2646491164,
        "7":145.4433776882,
        "8":163.62210626,
        "9":181.8008348318,
        "10":199.9795634036,
        "11":218.1582919754,
        "12":236.3370205472,
        "13":254.515749119,
        "14":272.6944776908,
        "15":290.8732062626,
        "16":309.0519348344,
        "17":327.2306634062,
        "18":345.409391978,
        "19":363.5881205498,
        "20":381.7668491216,
        "21":399.9455776934,
        "22":418.1243062652,
        "23":436.303034837,
        "24":454.4817634088,
        "25":472.6604919806,
        "26":490.8392205524,
        "27":509.0179491242,
        "28":527.196677696,
        "29":545.3754062678,
        "30":563.5541348396,
        "31":581.7328634114,
        "32":599.9115919832,
        "33":618.090320555,
        "34":636.2690491268,
        "35":654.4477776986,
        "36":672.6265062704,
        "37":690.8052348422,
        "38":708.983963414,
        "39":727.1626919858,
        "40":745.3414205576,
        "41":763.5201491294,
        "42":781.6988777012,
        "43":799.877606273,
        "44":818.0563348448,
        "45":836.2350634166,
        "46":854.4137919884,
        "47":872.5925205602,
        "48":890.771249132,
        "49":908.9499777038
    },
    "Frequency":{
        "0":67794,
        "1":2425,
        "2":8937,
        "3":8847,
        "4":7683,
        "5":6541,
        "6":6010,
        "7":4987,
        "8":4481,
        "9":3856,
        "10":3217,
        "11":2859,
        "12":2318,
        "13":2018,
        "14":1723,
        "15":1444,
        "16":1328,
        "17":1089,
        "18":990,
        "19":902,
        "20":844,
        "21":703,
        "22":600,
        "23":554,
        "24":497,
        "25":424,
        "26":399,
        "27":365,
        "28":351,
        "29":303,
        "30":257,
        "31":258,
        "32":231,
        "33":197,
        "34":193,
        "35":172,
        "36":135,
        "37":124,
        "38":134,
        "39":134,
        "40":120,
        "41":103,
        "42":94,
        "43":101,
        "44":90,
        "45":93,
        "46":72,
        "47":63,
        "48":62,
        "49":73
    },
    "Freq. Portion":{
        "0":46.0572709671,
        "1":1.6474744387,
        "2":6.071537756,
        "3":6.0103943748,
        "4":5.2196066442,
        "5":4.4437650735,
        "6":4.0830191243,
        "7":3.388022691,
        "8":3.0442610143,
        "9":2.6196542002,
        "10":2.1855361935,
        "11":1.9423214104,
        "12":1.5747817521,
        "13":1.3709704813,
        "14":1.1705560651,
        "15":0.9810115833,
        "16":0.9022045586,
        "17":0.7398349129,
        "18":0.6725771935,
        "19":0.6127925541,
        "20":0.5733890417,
        "21":0.4775977445,
        "22":0.4076225415,
        "23":0.37637148,
        "24":0.3376473386,
        "25":0.2880532627,
        "26":0.2710689901,
        "27":0.2479703794,
        "28":0.2384591868,
        "29":0.2058493835,
        "30":0.174598322,
        "31":0.1752776929,
        "32":0.1569346785,
        "33":0.1338360678,
        "34":0.1311185842,
        "35":0.1168517952,
        "36":0.0917150718,
        "37":0.0842419919,
        "38":0.0910357009,
        "39":0.0910357009,
        "40":0.0815245083,
        "41":0.069975203,
        "42":0.0638608648,
        "43":0.0686164612,
        "44":0.0611433812,
        "45":0.0631814939,
        "46":0.048914705,
        "47":0.0428003669,
        "48":0.042120996,
        "49":0.0495940759
    }
}