{
    "Marks":{
        "0":18.3781091283,
        "1":36.7415474378,
        "2":55.1049857473,
        "3":73.4684240568,
        "4":91.8318623663,
        "5":110.1953006758,
        "6":128.5587389852,
        "7":146.9221772947,
        "8":165.2856156042,
        "9":183.6490539137,
        "10":202.0124922232,
        "11":220.3759305327,
        "12":238.7393688422,
        "13":257.1028071517,
        "14":275.4662454612,
        "15":293.8296837707,
        "16":312.1931220802,
        "17":330.5565603897,
        "18":348.9199986991,
        "19":367.2834370086,
        "20":385.6468753181,
        "21":404.0103136276,
        "22":422.3737519371,
        "23":440.7371902466,
        "24":459.1006285561,
        "25":477.4640668656,
        "26":495.8275051751,
        "27":514.1909434846,
        "28":532.5543817941,
        "29":550.9178201035,
        "30":569.281258413,
        "31":587.6446967225,
        "32":606.008135032,
        "33":624.3715733415,
        "34":642.735011651,
        "35":661.0984499605,
        "36":679.46188827,
        "37":697.8253265795,
        "38":716.188764889,
        "39":734.5522031985,
        "40":752.915641508,
        "41":771.2790798174,
        "42":789.6425181269,
        "43":808.0059564364,
        "44":826.3693947459,
        "45":844.7328330554,
        "46":863.0962713649,
        "47":881.4597096744,
        "48":899.8231479839,
        "49":918.1865862934
    },
    "Frequency":{
        "0":45058,
        "1":1708,
        "2":5969,
        "3":5981,
        "4":5107,
        "5":4412,
        "6":3983,
        "7":3328,
        "8":2961,
        "9":2502,
        "10":2164,
        "11":1915,
        "12":1503,
        "13":1355,
        "14":1157,
        "15":952,
        "16":905,
        "17":723,
        "18":630,
        "19":606,
        "20":573,
        "21":432,
        "22":389,
        "23":369,
        "24":334,
        "25":277,
        "26":276,
        "27":237,
        "28":237,
        "29":201,
        "30":169,
        "31":180,
        "32":140,
        "33":124,
        "34":124,
        "35":94,
        "36":93,
        "37":80,
        "38":95,
        "39":83,
        "40":75,
        "41":68,
        "42":64,
        "43":78,
        "44":63,
        "45":62,
        "46":47,
        "47":39,
        "48":45,
        "49":51
    },
    "Freq. Portion":{
        "0":45.9691077149,
        "1":1.742537085,
        "2":6.0896978106,
        "3":6.1019404599,
        "4":5.2102675019,
        "5":4.5012140627,
        "6":4.0635393499,
        "7":3.3952947418,
        "8":3.0208737171,
        "9":2.552592381,
        "10":2.2077577588,
        "11":1.9537227856,
        "12":1.533391826,
        "13":1.3823991512,
        "14":1.1803954376,
        "15":0.9712501785,
        "16":0.9232998021,
        "17":0.7376196209,
        "18":0.6427390887,
        "19":0.6182537901,
        "20":0.5845865045,
        "21":0.4407353751,
        "22":0.3968658818,
        "23":0.3764614663,
        "24":0.3407537391,
        "25":0.2826011549,
        "26":0.2815809341,
        "27":0.2417923239,
        "28":0.2417923239,
        "29":0.2050643759,
        "30":0.1724173111,
        "31":0.1836397396,
        "32":0.1428309086,
        "33":0.1265073762,
        "34":0.1265073762,
        "35":0.0959007529,
        "36":0.0948805321,
        "37":0.0816176621,
        "38":0.0969209737,
        "39":0.0846783244,
        "40":0.0765165582,
        "41":0.0693750128,
        "42":0.0652941296,
        "43":0.0795772205,
        "44":0.0642739089,
        "45":0.0632536881,
        "46":0.0479503765,
        "47":0.0397886103,
        "48":0.0459099349,
        "49":0.0520312596
    }
}