{
    "Marks":{
        "0":18.1788581859,
        "1":36.3441553502,
        "2":54.5094525146,
        "3":72.6747496789,
        "4":90.8400468432,
        "5":109.0053440075,
        "6":127.1706411719,
        "7":145.3359383362,
        "8":163.5012355005,
        "9":181.6665326648,
        "10":199.8318298291,
        "11":217.9971269935,
        "12":236.1624241578,
        "13":254.3277213221,
        "14":272.4930184864,
        "15":290.6583156507,
        "16":308.8236128151,
        "17":326.9889099794,
        "18":345.1542071437,
        "19":363.319504308,
        "20":381.4848014723,
        "21":399.6500986367,
        "22":417.815395801,
        "23":435.9806929653,
        "24":454.1459901296,
        "25":472.3112872939,
        "26":490.4765844583,
        "27":508.6418816226,
        "28":526.8071787869,
        "29":544.9724759512,
        "30":563.1377731156,
        "31":581.3030702799,
        "32":599.4683674442,
        "33":617.6336646085,
        "34":635.7989617728,
        "35":653.9642589372,
        "36":672.1295561015,
        "37":690.2948532658,
        "38":708.4601504301,
        "39":726.6254475944,
        "40":744.7907447588,
        "41":762.9560419231,
        "42":781.1213390874,
        "43":799.2866362517,
        "44":817.451933416,
        "45":835.6172305804,
        "46":853.7825277447,
        "47":871.947824909,
        "48":890.1131220733,
        "49":908.2784192376
    },
    "Frequency":{
        "0":67708,
        "1":2417,
        "2":8923,
        "3":8825,
        "4":7661,
        "5":6545,
        "6":5999,
        "7":4986,
        "8":4481,
        "9":3851,
        "10":3212,
        "11":2847,
        "12":2324,
        "13":2014,
        "14":1725,
        "15":1436,
        "16":1336,
        "17":1084,
        "18":989,
        "19":903,
        "20":838,
        "21":708,
        "22":595,
        "23":554,
        "24":498,
        "25":420,
        "26":403,
        "27":360,
        "28":357,
        "29":307,
        "30":252,
        "31":262,
        "32":226,
        "33":199,
        "34":192,
        "35":169,
        "36":137,
        "37":126,
        "38":133,
        "39":135,
        "40":118,
        "41":101,
        "42":96,
        "43":102,
        "44":87,
        "45":96,
        "46":72,
        "47":64,
        "48":62,
        "49":72
    },
    "Freq. Portion":{
        "0":46.0576707232,
        "1":1.6441393947,
        "2":6.0697789901,
        "3":6.0031154979,
        "4":5.2113164679,
        "5":4.4521689443,
        "6":4.0807580591,
        "7":3.3916752263,
        "8":3.0481541695,
        "9":2.6196031481,
        "10":2.1849299693,
        "11":1.9366424728,
        "12":1.5808771011,
        "13":1.370002789,
        "14":1.1734135109,
        "15":0.9768242329,
        "16":0.9088002612,
        "17":0.7373798527,
        "18":0.6727570796,
        "19":0.614256464,
        "20":0.5700408824,
        "21":0.4816097193,
        "22":0.4047426313,
        "23":0.3768528029,
        "24":0.3387593788,
        "25":0.2857006809,
        "26":0.2741366057,
        "27":0.2448862979,
        "28":0.2428455788,
        "29":0.208833593,
        "30":0.1714204086,
        "31":0.1782228057,
        "32":0.1537341759,
        "33":0.1353677036,
        "34":0.1306060256,
        "35":0.1149605121,
        "36":0.0931928412,
        "37":0.0857102043,
        "38":0.0904718823,
        "39":0.0918323617,
        "40":0.0802682865,
        "41":0.0687042114,
        "42":0.0653030128,
        "43":0.0693844511,
        "44":0.0591808553,
        "45":0.0653030128,
        "46":0.0489772596,
        "47":0.0435353419,
        "48":0.0421748624,
        "49":0.0489772596
    }
}